<?xml version="1.0" encoding="utf-8"?>
<mddece:MetadataMovie xmlns:mddece="http://www.decellc.org/schema/2013/11/mddece" xmlns:md="http://www.movielabs.com/schema/md/v1.2/md">
	<mddece:ContentMetadata>
		<mddece:ContentID>dece:cid:ISAN:0000-0001-DE3F-F000-K-F019-F019-E</mddece:ContentID>
		<mddece:DECEMediaProfile>HD</mddece:DECEMediaProfile>
		
		<!-- Indicates the assets last 1 minute-->
		<mddece:RunLength>PT1M</mddece:RunLength>
		<mddece:Publisher>MainConcept</mddece:Publisher>
		<mddece:ReleaseYear>2013</mddece:ReleaseYear>
		
		<!-- A brief version of the feature title (for display) that is up to a maximum length of 19 chars. -->
		<mddece:TitleDisplay19>Demo Title</mddece:TitleDisplay19>
		
		<!-- An alternate display version from TitleBrief for those UIs that can support longer fields than 19 Characters. -->
		<mddece:TitleDisplay60>Demo Title</mddece:TitleDisplay60>
		
		<!-- A sortable version of the feature title, e.g., "Movie, Title, The" separated by commas. -->
		<mddece:TitleSort>MainConcept, Demo, Title</mddece:TitleSort>
		
		<!-- The title description sentence. (max 190 char) -->
		<mddece:Summary190>This is a 1 minute demo title</mddece:Summary190>
		<mddece:DescriptionLanguage>en</mddece:DescriptionLanguage>
	</mddece:ContentMetadata>
	
	<!-- 1..n -->
	<mddece:RequiredImages>
		<md:Width>800</md:Width>
		<md:Height>1200</md:Height>
		<md:Encoding>image/png</md:Encoding>
		<!-- Optional: 
		<md:TrackReference>urn:dece:container:metadataimageindex:1.png</md:TrackReference> 
		-->
	</mddece:RequiredImages>
	<mddece:TrackMetadata>
    </mddece:TrackMetadata>
    
	<!-- 0..1 -->
	<mddece:Ratings>
		<md:Rating>
			<md:Region>
				<md:country>US</md:country>
			</md:Region>
			<md:System>MPAA</md:System>
			<md:Value>PG-13</md:Value>
			
			<!-- 0..n -->
			<md:Reason/>
			
			<!-- 0..1 -->
			<md:LinkToLogo>PG-13</md:LinkToLogo>
			
			<!-- 0..1 -->
			<md:Description>PG-13</md:Description>
		</md:Rating>
		<md:AdultContent>false</md:AdultContent>
	</mddece:Ratings>
	
	<!-- 0..1 -->
	<mddece:Chapters>
		<mddece:Chapter index="0">
			<mddece:EntryTimecode>15.3</mddece:EntryTimecode>
		</mddece:Chapter>
		<mddece:Chapter index="1">
			<mddece:EntryTimecode>30.7</mddece:EntryTimecode>
		</mddece:Chapter>
		<mddece:Chapter index="2">
			<mddece:EntryTimecode>101.0</mddece:EntryTimecode>
		</mddece:Chapter>
	</mddece:Chapters>
	
	<!-- 0..1 -->
	<mddece:TrackSelections>
	
		<!-- 1..n -->
		<mddece:TrackGroup>
		
			<!-- 0..1 -->
			<mddece:TrackSelectionNumber>0</mddece:TrackSelectionNumber>

			<!-- 1..n -->
			<mddece:VideoTrackReference>1</mddece:VideoTrackReference>
			<!-- 1..n -->
			<mddece:AudioTrackReference>2</mddece:AudioTrackReference>
			<!-- 1..n -->
			<mddece:SubtitleTrackReference/>
            
		</mddece:TrackGroup>
	</mddece:TrackSelections>
	
	<!-- 0..1 -->
	<mddece:ContainerVersionReference/>
</mddece:MetadataMovie>